theme_label,frequency,percent_of_total,representative_quotes,keywords,rank
[ideal_diet] healthy · diet · eat · fruits,108,87.1,organic/healthy. fruits and vegetables but still protein to give sustainance. | My ideal diet would be a healthy diet. I would eat meats and veggies. | my ideal diet would be more fruits and vegetables. Also less desserts.,"healthy, diet, eat, fruits, vegetables, protein, ideal, foods, ideal diet, like, food, fruits vegetables, veggies, carbs, meat",1
[eating_changes] eat · food · meals · healthy,92,76.67,"Huge changes have occurred. I eat far healthier, less processed food, less dense carbohydrates and way more vegetables and fruits. | They have gotten very bad. I eat a lot more food that I know I should not eat. | I eat a lot less and more junk food.","eat, food, meals, healthy, vegetables, foods, eating, lot, snack, time, ate, home, college, water, way",2
[food_childhood] pizza · chicken · spaghetti · steak,68,54.84,Pizza,"pizza, chicken, spaghetti, steak, potatoes, chocolate, rice, tacos, curry, mashed, mashed potatoes, grilled, chinese, potato, cheese",3
[comfort_food_reasons] boredom · happiness · sadness · hunger,50,40.65,"Boredom, happiness, distraught | happiness, hunger, sadness | sadness, happiness and hunger","boredom, happiness, sadness, hunger, sad, bored, stressed, loneliness, anger, laziness, stress, depression, usually, long, just",4
[meals_dinner_friend] pasta · chicken · pasta chicken · pizza,35,28.69,"Pasta, Croque Madam, chicken | burritos, pasta, chicken | pasta, chicken parm, tacos","pasta, chicken, pasta chicken, pizza, parm, chicken parm, chicken parmesan, parmesan, meat, dinner, salad, tacos, pizza pasta, lasagna, chicken pizza",5
[comfort_food] ice · ice cream · cream · chips,31,25.2,"Ice cream, cheeseburgers, chips. | Chips, ice cream | Chips, ice cream, microwaveable foods","ice, ice cream, cream, chips, chocolate, chips ice, cookies, pizza, cream chocolate, chocolate chips, fruit, cream chips, cream cake, pizza ice, cereal",6
[comfort_food] pizza · chicken · spaghetti · potatoes,23,18.7,"Chicken fingers, pizza | Chocolates, pizza, and Ritz. | Pizza, burritos, slim jims","pizza, chicken, spaghetti, potatoes, cheesecake, mashed, mashed potatoes, chips dip, dip, chips, wings, snacks, fries, pasta, fruit",7
[diet_current] dinner · usually · lunch · breakfast,22,17.74,"For breakfast I have oatmeal. For lunch I have a sandwich and fruit. For dinner I usually have a piece of meat, rice or pasta, and a vegetable. | My current diet is eggs and a meat every morning for breakfast. For lunch ill usually have some pasta or rice with a meat and sometimes a side of veggies. for dinner i usually eat less carbs and mo... | toast and fruit for breakfast, salad for lunch, usually grilled chicken and veggies (or some variation) for dinner","dinner, usually, lunch, breakfast, rice, veggies, meat, egan, fruit, oatmeal, lunch dinner, health, clean, sandwich, dining",8
[healthy_meal] veggies · chicken · chicken veggies · broccoli,20,16.13,"Chicken breast with veggies | Chicken and rice with a side of veggies. | Chicken, and veggies","veggies, chicken, chicken veggies, broccoli, rice, protein veggies, chicken broccoli, protein, fruit, milk, veggies carbs, grains, carbs, water, fruits",9
[healthy_meal] vegetables · fruits vegetables · fruits · protein,19,15.32,"a lean protein plus the addition of 2-3 fruits and vegetables | Has fruits vegetables and or some type of meat | Fruits, vegetables, meat","vegetables, fruits vegetables, fruits, protein, lean, lean protein, meat, grains, protein vegetables, complex, plenty, fresh fruits, fresh, starch, lean meat",10
[healthy_meal] salad · chicken · vegetables · chicken vegetables,18,14.52,A pice of meat such as chicken with a side of vegetables and possibly a salad | Salad with chicken and vegetables with a raspberry vinaigrette | a salad with chicken and 2 tablespoons of salad dressing,"salad, chicken, vegetables, chicken vegetables, fruit, dressing, chicken salad, fruit vegetables, salad chicken, vegetables fruit, proper, grilled, broccoli, veg, meat",11
[comfort_food] cheese · mac · mac cheese · cheese pizza,17,13.82,"mac and cheese | Mac n Cheese. Chips and salsa. Ice cream. | pizza, pasta, mac and cheese","cheese, mac, mac cheese, cheese pizza, pizza, french fries, french, ice cream, cream, fries, ice, cheese ice, chicken, brownies, pasta",12
[healthy_meal] vegetable · meat · rice · fruit,17,13.71,"Including both vegetable and meat | Rice, Meat, vegetable | a meal with a meat, vegetable, grain, and fruit","vegetable, meat, rice, fruit, protein, grain, protein vegetable, meat vegetable, grains, vegetable grains, protein fruit, meal, vegetable grain, salad, vegetable fruit",13
[meals_dinner_friend] rice · chicken rice · chicken · meat rice,17,13.93,"chipotle, chick fil a, chicken and rice | chicken, manicotti, rice | Pizza, Chicken and rice and pasta","rice, chicken rice, chicken, meat rice, meat, veggies, vegetables, pasta, rice chicken, pizza chicken, pizza, curry, crackers, asparagus, food",14
[meals_dinner_friend] steak · chicken · steak chicken · spaghetti,17,13.93,"Steak, lobster, chicken | Pasta,Sushi,Steak | Spaghetti, steak, or chicken","steak, chicken, steak chicken, spaghetti, lasagna, steak spaghetti, pasta steak, spaghetti steak, pasta, salmon, noodles, pork, beef, pizza, steak pizza",15
[comfort_food_reasons] boredom,16,13.01,Boredom,boredom,16
[diet_current] fruits vegetables · vegetables · fruits · high,16,12.9,"High protein and high carbs with fruits and vegetables as needed | High in carbs, but I have recently tried to cut down on fats, salt, and sugars. I choose more organic options as well as more fruits and vegetables. | Healthy, includes many fruits and vegetables. Probably too many carbs.","fruits vegetables, vegetables, fruits, high, high protein, protein, proteins, carbs, healthy, low, foods, diet, diet consists, consists, vegetables meal",17
[healthy_meal] food · food groups · groups · lots,16,12.9,"All food groups | Modest proportions of many different food groups. | All of the food groups(carbs, veggies, fruits,etc)","food, food groups, groups, lots, colors, food group, group, foods, fruits, pyramid, food pyramid, portions, color, main, main food",18
[diet_current] healthy · food · unhealthy · healthy diet,15,12.1,"I eat a very healthy diet. Ocassionally, i will eat out and get unhealthy food. | Most healthy diet, but since I'm an athlete have room for some bad foods to burn off quickly | A very healthy diet. Avoiding junk foods, and any white breads.","healthy, food, unhealthy, healthy diet, foods, diet, eat, healthy food, somewhat, junk, light, fat, eat unhealthy, unhealthy food, try",19
[diet_current] diet · eat · diet eat · good,14,11.29,"My diet is mostly whatever I get to eat in the grotto commons. Sometimes, I eat outside | I don't follow a diet, I eat whatever I want | My current diet would be considered a ""college diet"". I eat a lot of pizza and ramen noodles.","diet, eat, diet eat, good, college, eat want, want, better, college diet, basis, daily, intake, hard, current diet, current",20
[diet_current] eat healthy · healthy · eat · try,14,11.29,I eat very healthy | Try to eat as healthy as possible. A few days where fast food comes into play because of classes. | I try to eat as healthy as possible. 3 meals a day that are well-balanced.,"eat healthy, healthy, eat, try, try eat, possible, food, day, healthy possible, times, fast food, fast, eat times, time, week",21
[comfort_food_reasons] boredom sadness · sadness · boredom · anxiety,13,10.57,"Boredom!, sadness | Boredom, sadness | boredom, sadness","boredom sadness, sadness, boredom, anxiety, friends, hungry, anger, taste, good",22
[food_childhood] pasta · pizza · pasta pizza · rice,13,10.48,"Pasta, Eggs, Pancakes | Pasta | pasta","pasta, pizza, pasta pizza, rice, pizza pasta, soup, garlic, meatballs, chicken, chicken fingers, fingers, steak",23
[diet_current] lot · eat lot · eat · meals,12,9.68,Current diet is rather poor. I eat a lot of chicken and carbs. I also tend to eat a lot of desserts. | I eat a a lot of carbs from pizza and pasta. I also eat a lot of cookies. | I eat a lot of chicken and try to cook my own meals as much as possible using a lot of rice and vegetables.,"lot, eat lot, eat, meals, eat breakfast, poor, lot chicken, breakfast, chicken, usually, day eat, day, vegetables, sandwiches, meals day",24
[food_childhood] mac cheese · mac · cheese · cheese pizza,11,8.87,Mac cheese | Mac and cheese,"mac cheese, mac, cheese, cheese pizza, pizza, pasta, cheese pasta, chicken tenders, tenders, tuna, salad, fish, fingers, chicken fingers, tacos",25
[comfort_food_reasons] stress boredom · stress · boredom · cravings,10,8.13,"stress, boredom | Stress and boredom | Stress, boredom","stress boredom, stress, boredom, cravings, craving, boredom sadness, sadness",26
[diet_current] carbs · meat · protein · eat fruits,10,8.06,Meat carbs and candy | I eat alot carbs. Protein (meat) is beautiful. | Complete diet. protein vegetables and carbs,"carbs, meat, protein, eat fruits, fruits, eat, vegetables, lean, diet, protein vegetables, dairy, meal, carbs protein, alot, fruits vegetables",27
[meals_dinner_friend] pizza · pasta pizza · pizza chicken · chicken,10,8.2,"Cereal, pizza, toast | Pasta, Pizza, Chicken | Pasta, pizza, and chicken","pizza, pasta pizza, pizza chicken, chicken, hibachi, italian, pasta, salad, ziti, baked ziti, mac, mac cheese, baked, shells, stuffed shells",28
[comfort_food] candy · snacks · mix · chex mix,9,7.32,"Candy, salty snacks, toast | Saltfish, Candy and Kit Kat | Candy Pop Chocolate Chipotle Moe's","candy, snacks, mix, chex mix, chex, noodle, chips, pop, chocolate, soda, brownies, chips candy, chocolate chips, sandwich, popcorn",29
[comfort_food] chinese · food · chinese food · fast,9,7.32,"ice cream, pizza, Chinese food | Chinese food, moes, sponge candy, homemade lasagne | Grandma's Chinese, Peruvian food from back home, and sushi","chinese, food, chinese food, fast, fast food, pizza, candy, mcdonalds, grandma, pizza wings, wings, homemade, cream pizza, lasagna, cheese lasagna",30
[healthy_meal] meal · healthy · lot · healthy meal,9,7.26,To me a healthy meal is balanced and | A healthy meal has a piece of meat followed by a lot of fruit and veggies | A healthy meal constitutes of balanced diet with fruits and veggies dominating the plate.,"meal, healthy, lot, healthy meal, cooked, balanced, fruits, fat, veggies, carbohydrates, greens, food, veggies fruits, protein, healthy fats",31
[meals_dinner_friend] chicken steak · steak · steak pasta · chicken,9,7.38,"chicken, steak, pasta | Chicken, Steak, Pasta","chicken steak, steak, steak pasta, chicken, pasta, steak pizza, pasta chicken, grilled chicken, grilled, spaghetti chicken, pizza, lasagna steak, lasagna, spaghetti, type",32
[comfort_food] chocolate ice · chocolate · ice · cream,8,6.5,"chocolate, ice cream/milkshake, cookies | Chocolate, ice crea | Chocolate, ice cream, pasta","chocolate ice, chocolate, ice, cream, ice cream, pizza chocolate, cream pizza, pizza, pasta, peanut butter, peanut, cookies, butter, cream french, cookie",33
[diet_current] try · home · cooked · eat,8,6.45,At school I eat a lot of pizza or burgers with fries. Occasionally I try to have a salad or a fruit juice with this. I also try to eat more of a home cooked meal with vegetables. | I like a lot of foods that arent home cooked or healthy for you. | I try to eat something light for breakfast like cereal or an apple. For lunch I eat sandwiches or pasta also something somewhat light and I eat however much I'm hungry for at dinner. Sometimes I tr...,"try, home, cooked, eat, salad, pasta, like, foods, home cooked, lot, school, vegetables, healthy, pizza, healthy school",34
[healthy_meal] high · carbs · high protein · protein,8,6.45,"Low carbs and high protein | high protein, low fat, low carbs and sugar | High protein, high carbs , vegetables","high, carbs, high protein, protein, low, vegetables, low carbs, protein vegetables, carbs vegetables, carbs high, fat, vegetables carbs, small protein, small, protein carbs",35
[healthy_meal] potatoes · meat · water · greens,8,6.45,"Meat and potatoes | More vegetables and fruits as opposed to meat and bread/potatoes | Vegetables, white meat, and a starch like potatoes, water, and fruit for dessert","potatoes, meat, water, greens, vegetables, meat vegetables, vegetables fruits, balance, starch, protein, lots, food, vegetable, chicken, fruits",36
[meals_dinner_friend] burgers · pasta burgers · potatoes · steak,8,6.56,"Pasta, Burgers and Fries, Chicken Marsala | Steak, pasta, burgers | Steak and potatoes, burgers and fries, bacon and eggs","burgers, pasta burgers, potatoes, steak, burgers fries, fries, mashed, mashed potatoes, pasta, spaghetti steak, pizza pasta, steak pasta, chinese, food, beef",37
[meals_dinner_friend] chicken pasta · pasta · chicken · pizza,8,6.56,"Chicken, Pasta, Veal | pizza buffalo chicken pasta | Pizza, chicken, pasta","chicken pasta, pasta, chicken, pizza, pasta salad, salad, steak chicken, pizza chicken, homemade, steak, lasagna, rice vegetables, noodles, tacos pasta, parmesan",38
[comfort_food] cookies · burgers · chips cookies · chocolate,7,5.69,"burgers, chips, cookies | cookies, hot chocolate, beef jerky | chips, cookies, ice cream","cookies, burgers, chips cookies, chocolate, chocolate pasta, food, bars, chips, cookies ice, donuts, pasta, candy, ice cream, cream, soup ice",39
[comfort_food] popcorn · chips · chocolate popcorn · popcorn chips,7,5.69,"Chocolate, Popcorn, Icecream | Cookies, popcorn, and chips | chocolate, popcorn, ice cream","popcorn, chips, chocolate popcorn, popcorn chips, chocolate, carrots, sweets, chocolate pasta, chips candy, soup, pasta, cookies, candy, fries, cream",40
[comfort_food] soup · cake · pasta · soup pasta,7,5.69,"Soup, pasta, cake | Soup, pasta, brownies, cake | Chilli, soup, pot pie","soup, cake, pasta, soup pasta, soup pizza, homemade, rice, chinese, potato, brownies, grandma, chips, pizza, chocolate",41
[comfort_food_reasons] comfort · eat · comfort food · food,7,5.69,"I eat comfort food when im stressed out from school(finals week), when I`m sad, or when i am dealing with personal family issues. | None, i don't eat comfort food. I just eat when i'm hungry. | I usually only eat comfort food when I'm bored, if i am doing something, i can go for hours without eating","comfort, eat, comfort food, food, eat comfort, usually eat, usually, sad, bored, stressed, eating, hungry, special occasions, special, anxiety",42
[comfort_food_reasons] sadness boredom · boredom anger · anger · boredom,7,5.69,"sadness, boredom, & anger | Sadness, boredom, late night snack | All of the above; sadness, boredom and confusion","sadness boredom, boredom anger, anger, boredom, sadness, happy, hungry, just",43
[diet_current] balanced · fatty · try · try eat,7,5.65,"balanced | I try to eat a balanced meal. I refrain from anything too fatty. | Not that balanced, but I try not to eat fatty or fried foods.","balanced, fatty, try, try eat, diet, eat, food, refrain, fruits, includes, fried foods, pretty, vitamins, fried, rarely eat",44
[food_childhood] nuggets · chicken nuggets · chicken · cheese,7,5.65,"Chicken Nuggets | dino chicken nuggets | Mac and Cheese, Chicken nuggets","nuggets, chicken nuggets, chicken, cheese, mac cheese, cheese chicken, mac, hamburgers, cheese pasta, macaroni, macaroni cheese, pasta",45
[food_childhood] parm · chicken parm · spaghetti chicken · chicken,7,5.65,"Spaghetti and chicken parm | Chicken parm. | Chicken Parm, Pizza","parm, chicken parm, spaghetti chicken, chicken, spaghetti, beef, tacos, grilled cheese, grilled, pizza, cheese",46
[meals_dinner_friend] grilled · spaghetti · cheese · grilled chicken,7,5.74,"Tacos, spaghetti, grilled cheese | Spaghetti, Grilled Chicken, Pizza | Pancakes, Pasta, Grilled Cheese and Soup","grilled, spaghetti, cheese, grilled chicken, grilled cheese, spaghetti grilled, salmon, mac, mac cheese, chicken spaghetti, alfredo, chicken pizza, chicken, soup, stuffed shells",47
[comfort_food_reasons] boredom stress · stress · boredom · good,6,4.88,"boredom, stress | Boredom, stress | boredom and stress","boredom stress, stress, boredom, good",48
[comfort_food_reasons] stress · bored · anger,6,4.88,Stress | Mostly Stress,"stress, bored, anger",49
[diet_current] eat lots · lots · water · eat,6,4.84,"i drink alot of lemon water, and milk. i also eat ice cream frequently after dinner. but i also eat lots of fruits and veggies | I eat lots of fruit and veggies. I eat lots of chicken. | At this time it is very touch and go. Some days I live on sandwiches and ice cream while other days I eat lots of fruits and vegetables.","eat lots, lots, water, eat, veggies, fruit, fruits veggies, fruits, lots fruits, ice cream, ice, cream, drink, consumption, health",50
[eating_changes] lot · lot healthier · eating lot · healthier,6,5.0,I have started eating a lot healthier. | I started eating a lot less and healthier because I wasn't playing sports year round anymore. | A lot healthier,"lot, lot healthier, eating lot, healthier, started eating, eating, started, salads, eat lot, anymore, playing, year, food, eat",51
[healthy_meal] green · foods · color · fish,6,4.84,Green and not greasy | Green and colourful | Mostly green!,"green, foods, color, fish, lots, potatoes, food organic, organic, chicken, food",52
[meals_dinner_friend] soup · soup steak · salmon · pasta,6,4.92,"Chicken parmigiana, pasta, wedding soup | pasta, soup, steak | Tomato soup, Steak, crab","soup, soup steak, salmon, pasta, rice chicken, steak, chicken, italian, potato, crackers, spaghetti pasta, rice, spaghetti",53
[comfort_food] peanut butter · peanut · butter · dark chocolate,5,4.07,"peanut butter sandwich, pretzals, garlic bread | peanut butter, dessets, pretzels. | mac n cheese, peanut butter and banana sandwich, omelet","peanut butter, peanut, butter, dark chocolate, dark, pretzels, sandwich, bread, chocolate, carrots, cheese, mac cheese, mac, chips",54
[comfort_food_reasons] stress sadness · stress · sadness · sadness boredom,5,4.07,"stress, sadness | Stress and sadness | Stress, sadness, boredom","stress sadness, stress, sadness, sadness boredom, bored, boredom",55
[eating_changes] eat,5,4.17,eat faster | I eat out more than usual. | I eat more,eat,56
[food_childhood] chicken pizza · pasta chicken · pizza · chicken,5,4.03,"Pasta, chicken, pizza | Pasta, chicken tender, pizza | Chicken, Pizza, Cherry tomatoes","chicken pizza, pasta chicken, pizza, chicken, pasta, salad, pizza pasta",57
[food_childhood] lasagna · meatloaf · pizza · crab,5,4.03,"lasagna, meatloaf, pizza | Pizza, Pita, Lasagna | lasagna","lasagna, meatloaf, pizza, crab, steak",58
[meals_dinner_friend] fish · fish steak · pasta fish · pasta,5,4.1,"Pasta, Fish, Steak | Pasta, fish, steak | pasta, fish, steak","fish, fish steak, pasta fish, pasta, steak, spaghetti, parm, chicken parm, chicken",59
[eating_changes] eating · dairy · diet · rice,4,3.33,Expansion of eating variety | My diet could improve now. I have been eating more than I should. | Eating rice everyday. Eating less homemade food.,"eating, dairy, diet, rice, everyday, food",60
[food_childhood] stir · stir fry · fry · chicken parmesan,4,3.23,"chicken stir fry, spaghetti, chicken parmesan | Mac & Cheese, Chicken, Stir Fry | chicken, pasta, stir fry","stir, stir fry, fry, chicken parmesan, parmesan, chicken, chicken stir, chicken pasta, cheese chicken, spaghetti chicken, pasta, mac cheese, mac, cheese, spaghetti",61
[ideal_diet] current · current diet · diet · carbs,4,3.23,"My current diet | Same as current diet | The same as my current diet, maybe less carbs.","current, current diet, diet, carbs, ideal, ideal diet",62
[comfort_food_reasons] sadness,3,2.44,sadness,sadness,63
[eating_changes] eat fruits · fruits vegetables · fruits · vegetables,3,2.5,I have begun to eat more fruits and vegetables because I have been more aware of my physique. | I do not eat as many fruits and vegetables as I normally would as being home even though i do eat them still | I try to eat more fruits and vegetables,"eat fruits, fruits vegetables, fruits, vegetables, eat, home eat, try eat, try, home",64
[eating_changes] eating pizza · pizza · fast food · fast,3,2.5,Eating more pizza and burgers or fast food. | Eating Pizza as an excuse when there is nothing else to it. | sometimes choosing to eat fast food instead of cooking simply for convenience,"eating pizza, pizza, fast food, fast, eating, food, instead, convenience, eat",65
[food_childhood] wings · pizza · noodle · pizza chicken,3,2.42,"Pizza and wings | Pizza, chicken wings, and corn on the cob | Noodle, Wings, and Tiramisu","wings, pizza, noodle, pizza chicken, chicken",66
[healthy_meal] colorful · portions · larger · food,3,2.42,Colorful | Very colorful and smaller portions of the unhealthy food with larger portions of vegetables,"colorful, portions, larger, food, vegetables",67
[ideal_diet] home · home cooked · cooked · cooked meal,3,2.42,"More of a home cooked meal that is not very greasy. Also includes more fruits and vegetables. | My ideal diet right now would be how it was when I lived at home. I ate breakfast every morning, brought a lunch to school, and had a home cooked meal by my mom that included meat, vegetables and a... | All home cooked. Healthy. Vegetables and fruit.","home, home cooked, cooked, cooked meal, meal, vegetables, vegetables fruit, fruit, school, mom, fruits vegetables, meat vegetables, ate, breakfast, lunch",68
[eating_changes] high · high school · school · watch,2,1.67,"I watch the amount of ""snacks"" I eat more than I did in high school. | none, I have dormed since high school","high, high school, school, watch, did, eat",69
[eating_changes] snacking,2,1.67,More snacking | Less snacking,snacking,70
[eating_changes] veggies · definitely · fruits · eat,2,1.67,I definitely eat less veggies. | Less fruits and veggies,"veggies, definitely, fruits, eat",71
[ideal_diet] lean protein · lean · protein · vegetables,2,1.61,My ideal diet would be eating multiple fruits and vegetables at each meal. Also I would only eat lean protein if possible. | Much more vegetables and lean protein,"lean protein, lean, protein, vegetables, possible, meal, eating, fruits vegetables, ideal, ideal diet, fruits, eat, diet",72
[ideal_diet] protien · fruit · healthy,2,1.61,"fruit, veg and protien | healthy and protien","protien, fruit, healthy",73
[eating_changes] quick · meal · easy · time,1,0.83,"I have noticed there is less time for a prepared meal, so quick and easy has become the norm.","quick, meal, easy, time",74
[food_childhood] roast · beef · soup · chicken,1,0.81,"chicken soup, perogies, & roast beef","roast, beef, soup, chicken",75
[ideal_diet] diet consist · consist · unhealthy · balanced diet,1,0.81,"My idea diet would consist of eating more balanced diet consisting of fruits, vegetables, and meat. I would like to not eat so much unhealthy junk food/desserts.","diet consist, consist, unhealthy, balanced diet, desserts, balanced, eating, like eat, junk food, junk, diet, meat, fruits vegetables, food, like",76
[ideal_diet] fish · intake · cut · meat,1,0.81,My ideal diet is to cut back on my meat intake and substitute it for other protein sources such as fish or tuna.,"fish, intake, cut, meat, protein, ideal, ideal diet, diet",77
[ideal_diet] food · processed food · high · low,1,0.81,"My ideal diet would be no processed food or fried food. Also, very low in excess carbs and high in protein.","food, processed food, high, low, high protein, processed, carbs, protein, ideal, ideal diet, diet",78
[ideal_diet] portions · healthy foods · small · foods,1,0.81,"Small portions, healthy foods","portions, healthy foods, small, foods, healthy",79
[ideal_diet] want · ate · junk food · junk,1,0.81,"I want to eliminate all the junk food I ate. Besides that, I want to keep my diet the same.","want, ate, junk food, junk, food, diet",80
